exercise_id,exercise_name,video_url,status,issues
leap_wall_sumo_squats_and_calf_raise,Wall Sumo Squats and Calf Raise,https://www.youtube.com/watch?v=oR90gl2vj7c,ok,
leap_wall_standing_thoracic_left,Wall Standing Thoracic Left,https://www.youtube.com/watch?v=vrN34L25mBk,ok,
leap_dumbbell_reverse_curl,Dumbbell Reverse Curl,https://www.youtube.com/watch?v=vM40o2TiJfM,ok,
leap_revolved_side_angle,Revolved Side Angle,https://www.youtube.com/watch?v=lqOuqA1Ii7U,ok,
leap_cow_face,Cow Face,https://www.youtube.com/watch?v=jJlSkHHmaZg,ok,
leap_standing_forward_bend_with_shoulder_opener,Standing Forward Bend with Shoulder Opener,https://www.youtube.com/watch?v=AKhSglU4YVw,ok,
leap_half_moon_pose,Half Moon Pose,https://www.youtube.com/watch?v=TznRHywkPwU,ok,
leap_warrior_iii,Warrior Iii,https://www.youtube.com/watch?v=ySy_k5R3lHg,ok,
leap_reverse_warrior,Reverse Warrior,https://www.youtube.com/watch?v=8LmWu5XnEWc,ok,
leap_warrior_ii,Warrior Ii,https://www.youtube.com/watch?v=YSjBJDkA6zg,ok,
leap_humble_warrior,Humble Warrior,https://www.youtube.com/watch?v=a6ANkE4emF8,ok,
leap_revolved_triangle_pose,Revolved Triangle Pose,https://www.youtube.com/watch?v=Tbz3FVAjVtI,ok,
leap_extended_side_angle,Extended Side Angle,https://www.youtube.com/watch?v=O06t2tg1hlg,ok,
leap_happy_baby_pose,Happy Baby Pose,https://www.youtube.com/watch?v=z-BjiGQZe4s,ok,
leap_crescent_low_lunge_with_cactus_arms,Crescent Low Lunge with Cactus Arms,https://www.youtube.com/watch?v=93kUVEAqiv8,ok,
leap_revolved_crescent_low_lunge,Revolved Crescent Low Lunge,https://www.youtube.com/watch?v=E-_LxciEon4,ok,
leap_crescent_low_lunge_with_arm_extended_up,Crescent Low Lunge with Arm Extended Up,https://www.youtube.com/watch?v=VQwrouNIlXw,ok,
leap_crescent_low_lunge,Crescent Low Lunge,https://www.youtube.com/watch?v=dXREtCBZnV4,ok,
leap_walk_the_dog,Walk the Dog,https://www.youtube.com/watch?v=PCgS48SiR2k,ok,
leap_down_dog_with_knee_drives,Down Dog with Knee Drives,https://www.youtube.com/watch?v=08IR1Dc0QdA,ok,
leap_down_dog_with_bent_knee,Down Dog with Bent Knee,https://www.youtube.com/watch?v=_tE3e84OEpo,ok,
leap_standing_eagle_crunch,Standing Eagle Crunch,https://www.youtube.com/watch?v=MkMB8Hdq2qU,ok,
leap_garland_pose,Garland Pose,https://www.youtube.com/watch?v=_xJPi7yuelw,ok,
leap_revolved_chair_pose,Revolved Chair Pose,https://www.youtube.com/watch?v=pQOK2-E-5sM,ok,
leap_goddess_pose,Goddess Pose,https://www.youtube.com/watch?v=AhX3PujoRgo,ok,
leap_upward_facing_dog,Upward Facing Dog,https://www.youtube.com/watch?v=OJ9j9D0lNBg,ok,
leap_palm_tree_pose,Palm Tree Pose,https://www.youtube.com/watch?v=V_bSLebtVJs,ok,
leap_bridge_one_leg_raise,Bridge One Leg Raise,https://www.youtube.com/watch?v=JxnGOaye88w,ok,
leap_half_forward_bend,Half Forward Bend,https://www.youtube.com/watch?v=twUDaY6WbOM,ok,
leap_half_circle_pose,Half Circle Pose,https://www.youtube.com/watch?v=fTUxoLumSH0,ok,
leap_seated_cat_cow,Seated Cat Cow,https://www.youtube.com/watch?v=PMxA3xlFpAk,ok,
leap_half_plough_pose,Half Plough Pose,https://www.youtube.com/watch?v=rHlaMiHXdPI,ok,
leap_thunderbolt_pose,Thunderbolt Pose,https://www.youtube.com/watch?v=uPZZMuYA5zc,ok,
leap_locust_pose,Locust Pose,https://www.youtube.com/watch?v=4I5EFtmDAiY,ok,
leap_half_locust_pose,Half Locust Pose,https://www.youtube.com/watch?v=GYpJBJ1s77Y,ok,
leap_tiger_pose,Tiger Pose,https://www.youtube.com/watch?v=poN4_v25CAI,ok,
leap_low_boat_pose,Low Boat Pose,https://www.youtube.com/watch?v=pqL9RYhYJAE,ok,
leap_boat_pose_with_alternating_legs,Boat Pose with Alternating Legs,https://www.youtube.com/watch?v=ii245b_MNxI,ok,
leap_half_boat_twist,Half Boat Twist,https://www.youtube.com/watch?v=PSZgJiFIrHQ,ok,
leap_thread_the_needle,Thread the Needle,https://www.youtube.com/watch?v=2CGqyWvxP-g,ok,
leap_gate_pose,Gate Pose,https://www.youtube.com/watch?v=4CmVrMBtKuE,ok,
leap_spinal_rolling,Spinal Rolling,https://www.youtube.com/watch?v=_TesLrPS1Mw,ok,
leap_prone_scorpion_kicks,Prone Scorpion Kicks,https://www.youtube.com/watch?v=OwwbXnVwNF4,ok,
leap_lumbar_cat_cow,Lumbar Cat Cow,https://www.youtube.com/watch?v=o3H3RJ4SwbQ,ok,
leap_thoracic_spine_cat_cow,Thoracic Spine Cat Cow,https://www.youtube.com/watch?v=nbhJvFWFPTE,ok,
leap_wide_leg_hamstring_stretch,Wide Leg Hamstring Stretch,https://www.youtube.com/watch?v=tShKvg4h12k,ok,
leap_forward_spine_stretch_pulse,Forward Spine Stretch Pulse,https://www.youtube.com/watch?v=IAKURhFoODE,ok,
leap_easy_butterfly_pose,Easy Butterfly Pose,https://www.youtube.com/watch?v=pjAm2Jl9vMA,ok,
leap_butterfly_pose,Butterfly Pose,https://www.youtube.com/watch?v=seRyFNh7boQ,ok,
leap_easy_kneeling_hamstring_stretch,Easy Kneeling Hamstring Stretch,https://www.youtube.com/watch?v=TxuyL_xwFIE,ok,
leap_kneeling_hamstring_stretch,Kneeling Hamstring Stretch,https://www.youtube.com/watch?v=lWi7rZWJ2cY,ok,
leap_runner_s_lunge,Runner's Lunge,https://www.youtube.com/watch?v=6ikwduxu0JU,ok,
leap_tree_pose,Tree Pose,https://www.youtube.com/watch?v=sxymAjTuUx0,ok,
leap_corpse_pose,Corpse Pose,https://www.youtube.com/watch?v=Ns8TW7y-abA,ok,
leap_bow_pose,Bow Pose,https://www.youtube.com/watch?v=inetVHah2NE,ok,
leap_push_up_hold,Push Up Hold,https://www.youtube.com/watch?v=16-WWEQNiK0,ok,
leap_kneel_plank,Kneel Plank,https://www.youtube.com/watch?v=xNBL63AhZcc,ok,
leap_lizard_pose,Lizard Pose,https://www.youtube.com/watch?v=x8VZ3-rx2HE,ok,
leap_sage_marichi_s_pose_iii,Sage Marichi's Pose Iii,https://www.youtube.com/watch?v=bGzlOXYDkxg,ok,
leap_boat_pose,Boat Pose,https://www.youtube.com/watch?v=0-N8ty8OMts,ok,
leap_straight_arm_knee_plank,Straight-Arm Knee Plank,https://www.youtube.com/watch?v=dKrVU3Fh8hw,ok,
leap_pigeon_pose,Pigeon Pose,https://www.youtube.com/watch?v=M9VNeCErXq8,ok,
leap_spine_lumbar_twist_stretch,Spine Lumbar Twist Stretch,https://www.youtube.com/watch?v=nfhIuzZauTo,ok,
leap_chair,Chair,https://www.youtube.com/watch?v=8A7san5fxLY,ok,
leap_fish_pose,Fish Pose,https://www.youtube.com/watch?v=e3gBrBFM-3M,ok,
leap_warrior_i,Warrior I,https://www.youtube.com/watch?v=98h26Ayke0s,ok,
leap_camel,Camel,https://www.youtube.com/watch?v=SK6G-mPYHcg,ok,
leap_shoulder_shrugs,Shoulder Shrugs,https://www.youtube.com/watch?v=lykMBrXHVKk,ok,
leap_star_jumps,Star Jumps,https://www.youtube.com/watch?v=VVEO_J1tIXU,ok,
leap_pendulum_swings,Pendulum Swings,https://www.youtube.com/watch?v=RN2qWm0f3eM,ok,
leap_windshield_wipers,Windshield Wipers,https://www.youtube.com/watch?v=fNf_IfTAVD0,ok,
leap_leg_spreads,Leg Spreads,https://www.youtube.com/watch?v=aZRDySUyC1I,ok,
leap_back_bow_pulls,Back Bow Pulls,https://www.youtube.com/watch?v=GvyCtKvmaVE,ok,
leap_body_saw,Body Saw,https://www.youtube.com/watch?v=CJHdCRhZCwY,ok,
leap_prone_flutter_kicks,Prone Flutter Kicks,https://www.youtube.com/watch?v=9i0J_I4ASow,ok,
leap_sitting_hamstring_stretch,Sitting Hamstring Stretch,https://www.youtube.com/watch?v=ZGEPDiRpdm0,ok,
leap_seated_butterfly_stretch,Seated Butterfly Stretch,https://www.youtube.com/watch?v=QehQaZvvquA,ok,
leap_dumbbell_pullover_on_floor,Dumbbell Pullover on Floor,https://www.youtube.com/watch?v=a3cF2sS5v6I,ok,
leap_squat_jacks,Squat Jacks,https://www.youtube.com/watch?v=tcgvAxhEhvQ,ok,
leap_crossbody_mountain_climber,Crossbody Mountain Climber,https://www.youtube.com/watch?v=tIEkB8S42j8,ok,
leap_plank_hip_dips,Plank Hip Dips,https://www.youtube.com/watch?v=h1_Y3GBUd0M,ok,
leap_dumbbell_close_grip_floor_press,Dumbbell Close Grip Floor Press,https://www.youtube.com/watch?v=gDO6U_C1ktE,ok,
leap_straight_arm_plank_to_pike,Straight Arm Plank to Pike,https://www.youtube.com/watch?v=d_B55dng_bs,ok,
leap_downward_facing_dog,Downward Facing Dog,https://www.youtube.com/watch?v=ahBd-oI76Zs,ok,
leap_oblique_crunch_reach,Oblique Crunch Reach,https://www.youtube.com/watch?v=Z9WtuN50f9s,ok,
leap_dumbbell_floor_fly_to_close_grip_press,Dumbbell Floor Fly to Close Grip Press,https://www.youtube.com/watch?v=YcVRQr5xQLk,ok,
leap_twisting_piston,Twisting Piston,https://www.youtube.com/watch?v=HilAisRJCgo,ok,
leap_mouth_circles,Mouth Circles,https://www.youtube.com/watch?v=FwiiAJhH3bg,ok,
leap_cheek_firmer,Cheek Firmer,https://www.youtube.com/watch?v=83Xu_F92j60,ok,
leap_dumbbell_floor_press,Dumbbell Floor Press,https://www.youtube.com/watch?v=2NbOwF_mJ2g,ok,
leap_bent_over_row,Bent Over Row,https://www.youtube.com/watch?v=t2DUqP_13x8,ok,
leap_havyk_raises,Havyk Raises,https://www.youtube.com/watch?v=HTSdBBXRR6I,ok,
leap_standing_knee_to_chest,Standing Knee to Chest,https://www.youtube.com/watch?v=uC7dzhqN47M,ok,
leap_knee_circle,Knee Circle,https://www.youtube.com/watch?v=cYDkPDqeY5E,ok,
leap_wrists_ankles_stretch,Wrists & Ankles Stretch,https://www.youtube.com/watch?v=oVyhNRtXIio,ok,
leap_double_knees_to_chest,Double Knees to Chest,https://www.youtube.com/watch?v=R4hV4xrJNqc,ok,
leap_pistol_box_squat,Pistol Box Squat,https://www.youtube.com/watch?v=N94KPKoK8ls,ok,
leap_straight_leg_bounds,Straight Leg Bounds,https://www.youtube.com/watch?v=EX2aYLIicfI,ok,
leap_x_burpees,X-Burpees,https://www.youtube.com/watch?v=uD5BUL79CvY,ok,
leap_standing_dumbbell_chest_fly,Standing Dumbbell Chest Fly,https://www.youtube.com/watch?v=rvpbZiife1I,ok,
leap_triangle_pose,Triangle Pose,https://www.youtube.com/watch?v=qOYy5m3rr1s,ok,
leap_dumbbell_bulgarian_split_squat,Dumbbell Bulgarian Split Squat,https://www.youtube.com/watch?v=OUnSPY8KLfE,ok,
leap_dumbbell_curtsy_lunges,Dumbbell Curtsy Lunges,https://www.youtube.com/watch?v=6W3QCGMYLas,ok,
leap_shoulder_stretch_with_chair,Shoulder Stretch with Chair,https://www.youtube.com/watch?v=1McKjXfOIJ4,ok,
leap_dumbbell_hip_hinge,Dumbbell Hip Hinge,https://www.youtube.com/watch?v=yac3o7xnA4s,ok,
leap_levator_scapulae_stretch,Levator Scapulae Stretch,https://www.youtube.com/watch?v=wnD-FX2lEYs,ok,
leap_open_chain_knee_extension,Open Chain Knee Extension,https://www.youtube.com/watch?v=rVOKNDLdMVs,ok,
leap_dumbbell_squats,Dumbbell Squats,https://www.youtube.com/watch?v=qkm3etbZu74,ok,
leap_cross_leg_side_bend,Cross Leg Side Bend,https://www.youtube.com/watch?v=mY0uoK8_8AQ,ok,
leap_dumbbell_fire_hydrant,Dumbbell Fire Hydrant,https://www.youtube.com/watch?v=kVpYYhzJTqE,ok,
leap_dumbbell_close_grip_bench_press,Dumbbell Close Grip Bench Press,https://www.youtube.com/watch?v=kQoVg8dUB6Y,ok,
leap_dumbbell_side_lunges,Dumbbell Side Lunges,https://www.youtube.com/watch?v=gKcUhmLbEIY,ok,
leap_side_neck_stretch,Side Neck Stretch,https://www.youtube.com/watch?v=e-zXrtIPjMc,ok,
leap_supine_hamstring_stretch,Supine Hamstring Stretch,https://www.youtube.com/watch?v=aRZeX88VRLc,ok,
leap_quarter_wall_squat,Quarter Wall Squat,https://www.youtube.com/watch?v=SX5XkYWSmfQ,ok,
leap_single_leg_drops,Single Leg Drops,https://www.youtube.com/watch?v=Qh5OdDUHzBo,ok,
leap_dumbbell_step_up_onto_chair,Dumbbell Step-Up Onto Chair,https://www.youtube.com/watch?v=LBE_p-h_XhA,ok,
leap_mountain_climber_squat_thrust,Mountain Climber Squat Thrust,https://www.youtube.com/watch?v=K0R4snqCbRA,ok,
leap_starfish_crunch,Starfish Crunch,https://www.youtube.com/watch?v=HBB5tf2vndA,ok,
leap_crab_kick_up,Crab Kick Up,https://www.youtube.com/watch?v=Emknib0y_J4,ok,
leap_the_roll,The Roll,https://www.youtube.com/watch?v=Be0SH5OCFxo,ok,
leap_dumbbell_jumping_lunge,Dumbbell Jumping Lunge,https://www.youtube.com/watch?v=B0_E6hzVaDE,ok,
leap_dumbbell_chest_fly,Dumbbell Chest Fly,https://www.youtube.com/watch?v=7uvFOUA4gsY,ok,
leap_dumbbell_split_squat,Dumbbell Split Squat,https://www.youtube.com/watch?v=5M1k1Hn_dO8,ok,
leap_bent_knee_side_hip_raises,Bent Knee Side Hip Raises,https://www.youtube.com/watch?v=4tWQ2PrE8pw,ok,
leap_slow_mountain_climber,Slow Mountain Climber,https://www.youtube.com/watch?v=24gpL7t4iPY,ok,
leap_chair_bicycle_crunch,Chair Bicycle Crunch,https://www.youtube.com/watch?v=1xEZ1So_D-A,ok,
leap_double_leg_circles,Double Leg Circles,https://www.youtube.com/watch?v=0OxxUdSEFqA,ok,
leap_eyes_circles,Eyes Circles,https://www.youtube.com/watch?v=uLy76pbdh8s,ok,
leap_run_on_the_wall,Run on the Wall,https://www.youtube.com/watch?v=Vvuj9R-w6a4,ok,
leap_push_up_row,Push-Up Row,https://www.youtube.com/watch?v=DpsHmYX3Ifg,ok,
leap_dumbbell_butt_bridge,Dumbbell Butt Bridge,https://www.youtube.com/watch?v=6gGzYaD9Cb4,ok,
leap_lying_knee_hug,Lying Knee Hug,https://www.youtube.com/watch?v=tT7W-F28TXo,ok,
leap_butterfly_bridge,Butterfly Bridge,https://www.youtube.com/watch?v=sJC_fMOVZVw,ok,
leap_dumbbell_hip_bridge_leg_lift,Dumbbell Hip Bridge & Leg Lift,https://www.youtube.com/watch?v=o_g6vKfkREI,ok,
leap_marchin_hip_raises,Marchin Hip Raises,https://www.youtube.com/watch?v=lD8TZAPjfLk,ok,
leap_dumbbell_single_arm_fly,Dumbbell Single Arm Fly,https://www.youtube.com/watch?v=VzahmWiMbLI,ok,
leap_toe_tap,Toe Tap,https://www.youtube.com/watch?v=SmsSb_DlOwo,ok,
leap_lips_down_pull,Lips Down Pull,https://www.youtube.com/watch?v=LXBFKwPbRW4,ok,
leap_dumbbell_single_leg_hip_thrust,Dumbbell Single Leg Hip Thrust,https://www.youtube.com/watch?v=Jw_rJ6l3aRY,ok,
leap_valley_press,Valley Press,https://www.youtube.com/watch?v=Az3ZkQzc2pU,ok,
leap_half_bending_pushing_forward,Half Bending Pushing Forward,https://www.youtube.com/watch?v=ABSbePQDruk,ok,
leap_dumbbell_upright_row,Dumbbell Upright-Row,https://www.youtube.com/watch?v=8ywEQiJuBNg,ok,
leap_bent_over_dumbbell_rows,Bent Over Dumbbell Rows,https://www.youtube.com/watch?v=6YfpfLvUa5w,ok,
leap_dumbbell_kickbacks,Dumbbell Kickbacks,https://www.youtube.com/watch?v=3ao9J4vvEXA,ok,
leap_dumbbell_donkey_kicks,Dumbbell Donkey Kicks,https://www.youtube.com/watch?v=pd3KyzQS5nc,ok,
leap_dumbbell_backward_lunge,Dumbbell Backward Lunge,https://www.youtube.com/watch?v=h1yTq_upObI,ok,
leap_single_leg_deadlift,Single Leg Deadlift,https://www.youtube.com/watch?v=_UB6Tp8fzEQ,ok,
leap_dumbbell_hip_thrust,Dumbbell Hip Thrust,https://www.youtube.com/watch?v=VcVATdt9Mfc,ok,
leap_spiderman_plank,Spiderman Plank,https://www.youtube.com/watch?v=G8-vocJfWEM,ok,
leap_dumbbell_pullover,Dumbbell Pullover,https://www.youtube.com/watch?v=FCogymf_XK0,ok,
leap_dumbbell_swing,Dumbbell Swing,https://www.youtube.com/watch?v=ELSro-2v_Sw,ok,
leap_tricep_dumbbell_flick_back,Tricep Dumbbell Flick Back,https://www.youtube.com/watch?v=A1XWkJLwAI0,ok,
leap_knee_lift,Knee Lift,https://www.youtube.com/watch?v=4IsQwLnHkkk,ok,
leap_seated_overhead_tricep_extension,Seated Overhead Tricep Extension,https://www.youtube.com/watch?v=-9Uup5bhPBI,ok,
leap_jaw_line,Jaw Line,https://www.youtube.com/watch?v=R2cqpjvaB3E,ok,
leap_dumbbell_arm_triceps_kickback,Dumbbell Arm Triceps Kickback,https://www.youtube.com/watch?v=zfnWQVmDspU,ok,
leap_underchin_duck,Underchin Duck,https://www.youtube.com/watch?v=p4zyEGc4DXs,ok,
leap_eye_lift,Eye Lift,https://www.youtube.com/watch?v=ozhBaD5eJx8,ok,
leap_marilyn,Marilyn,https://www.youtube.com/watch?v=a3HAjKcyy9c,ok,
leap_straight_leg_fire_hydrant,Straight Leg Fire Hydrant,https://www.youtube.com/watch?v=OTbaDN08Yac,ok,
leap_clasp_hands_behind_back,Clasp Hands Behind Back,https://www.youtube.com/watch?v=JoxGFxbgJ2Y,ok,
leap_nose_touching,Nose Touching,https://www.youtube.com/watch?v=CYhQ44hsPHc,ok,
leap_dumbbell_hamstring_curl,Dumbbell Hamstring Curl,https://www.youtube.com/watch?v=0dO19gUYGyc,ok,
leap_smiling_fish_face,Smiling Fish Face,https://www.youtube.com/watch?v=mLYm4ItAuro,ok,
leap_seated_side_bend,Seated Side Bend,https://www.youtube.com/watch?v=jKcHh78Y_JE,ok,
leap_dumbbell_single_leg_deadlift,Dumbbell Single Leg Deadlift,https://www.youtube.com/watch?v=gBPbL3AxzzE,ok,
leap_dumbbell_lying_triceps_extension,Dumbbell Lying Triceps Extension,https://www.youtube.com/watch?v=FyBXas1QUWo,ok,
leap_neck_lift,Neck Lift,https://www.youtube.com/watch?v=CRKO4lDtRzE,ok,
leap_puffy_cheeks,Puffy Cheeks,https://www.youtube.com/watch?v=2JhZ3K8PPHY,ok,
leap_dumbbell_cuban_rotation,Dumbbell Cuban Rotation,https://www.youtube.com/watch?v=voe9vZ0Yjlk,ok,
leap_cross_body_hammer_curl,Cross Body Hammer Curl,https://www.youtube.com/watch?v=uBSgMtuxnv0,ok,
leap_dumbbell_single_arm_otis_up,Dumbbell Single Arm Otis Up,https://www.youtube.com/watch?v=sQbtGNsAcl4,ok,
leap_dumbbell_wide_bicep_curls,Dumbbell Wide Bicep Curls,https://www.youtube.com/watch?v=pB4Iic8p6Ag,ok,
leap_dumbbell_triceps_extension,Dumbbell Triceps Extension,https://www.youtube.com/watch?v=a1Uanj_vaYA,ok,
leap_lion,Lion,https://www.youtube.com/watch?v=Xv5JtCbB4bI,ok,
leap_dumbbell_punch,Dumbbell Punch,https://www.youtube.com/watch?v=NyOGzlXqa8g,ok,
leap_smile,Smile,https://www.youtube.com/watch?v=DoB_Dh0OxSc,ok,
leap_drawn_cheeks,Drawn Cheeks,https://www.youtube.com/watch?v=DI939pnWhmk,ok,
leap_floor_slides,Floor Slides,https://www.youtube.com/watch?v=Cft0lko4M4s,ok,
leap_seated_spinal_twist,Seated Spinal Twist,https://www.youtube.com/watch?v=4YlCtaTdtgA,ok,
leap_dumbbell_boat_hold,Dumbbell Boat Hold,https://www.youtube.com/watch?v=wm7g8UoTZj4,ok,
leap_dumbbell_drag_curls,Dumbbell Drag Curls,https://www.youtube.com/watch?v=896qScV6qi4,ok,
leap_dumbbell_rear_delt_row,Dumbbell Rear Delt Row,https://www.youtube.com/watch?v=65gMtswVB1c,ok,
leap_dumbbell_squat_clean_and_press,Dumbbell Squat Clean and Press,https://www.youtube.com/watch?v=vIt0SeDcAug,ok,
leap_single_arm_renegade_row,Single Arm Renegade Row,https://www.youtube.com/watch?v=m0KEk-Y4iII,ok,
leap_dumbbell_fly_to_close_grip_press,Dumbbell Fly to Close Grip Press,https://www.youtube.com/watch?v=hJo-BOz_rfw,ok,
leap_elbow_plank_rotation,Elbow Plank Rotation,https://www.youtube.com/watch?v=fu6-teFilJk,ok,
leap_dumbbell_seated_in_outs,Dumbbell Seated in & Outs,https://www.youtube.com/watch?v=dFqJpeDO7R0,ok,
leap_dumbbell_side_boat_hold,Dumbbell Side Boat Hold,https://www.youtube.com/watch?v=BszZ8i6bn1A,ok,
leap_dumbbell_bicep_curl_to_press,Dumbbell Bicep Curl to Press,https://www.youtube.com/watch?v=9C5EtvkK6k4,ok,
leap_standing_hip_circle,Standing Hip Circle,https://www.youtube.com/watch?v=4-OTUubpEMU,ok,
leap_overhead_arm_circles,Overhead Arm Circles,https://www.youtube.com/watch?v=wZVO6ZnARIE,ok,
leap_aeiou,"""aeiou""",https://www.youtube.com/watch?v=WvDXjfM9gDk,ok,
leap_alternating_renegade_row,Alternating Renegade Row,https://www.youtube.com/watch?v=KvoHxslZun0,ok,
leap_dumbbell_v_up,Dumbbell V-Up,https://www.youtube.com/watch?v=Gas9T9-LtHU,ok,
leap_offset_push_ups,Offset Push-Ups,https://www.youtube.com/watch?v=32yYCbAQo5A,ok,
leap_dumbbell_shrug,Dumbbell Shrug,https://www.youtube.com/watch?v=IuMXYFCVIdA,ok,
leap_dumbbell_standing_hip_abduction,Dumbbell Standing Hip Abduction,https://www.youtube.com/watch?v=d4XF8LD_ZVQ,ok,
leap_seated_in_outs,Seated in & Outs,https://www.youtube.com/watch?v=d1CaYcMApDw,ok,
leap_fire_hydrant_pulse,Fire Hydrant Pulse,https://www.youtube.com/watch?v=uILAw7D7fxE,ok,
leap_downward_facing_dog_on_the_wall,Downward Facing Dog on the Wall,https://www.youtube.com/watch?v=rto2xsfqWx8,ok,
leap_walking_squats,Walking Squats,https://www.youtube.com/watch?v=ZS75FSLSIR8,ok,
leap_dumbbell_plank_rotation,Dumbbell Plank Rotation,https://www.youtube.com/watch?v=QlwR1Sd57bM,ok,
leap_donkey_kicks_pulse,Donkey Kicks Pulse,https://www.youtube.com/watch?v=QaTh15GsgHk,ok,
leap_oblique_crossover_crunch,Oblique Crossover Crunch,https://www.youtube.com/watch?v=LATqsI5q0hc,ok,
leap_pilates_leg_pulls,Pilates Leg Pulls,https://www.youtube.com/watch?v=DV3AN2_OOU8,ok,
leap_dumbbell_bent_leg_twist,Dumbbell Bent Leg Twist,https://www.youtube.com/watch?v=oOd7FLthrbk,ok,
leap_dumbbell_bench_press,Dumbbell Bench Press,https://www.youtube.com/watch?v=GrmETJwvBgY,ok,
leap_side_plank_knee_crunch,Side Plank Knee Crunch,https://www.youtube.com/watch?v=Ds85Xw3qq9c,ok,
leap_standing_dumbbell_curl,Standing Dumbbell Curl,https://www.youtube.com/watch?v=CxM4wKfus_Y,ok,
leap_arm_swings_with_lateral_steps,Arm Swings with Lateral Steps,https://www.youtube.com/watch?v=tLEkdDgTDbM,ok,
leap_side_lying_forward_leg_lift,Side Lying Forward Leg Lift,https://www.youtube.com/watch?v=rrs0mzQSMQI,ok,
leap_leg_lateral_raise,Leg Lateral Raise,https://www.youtube.com/watch?v=q2bnescnSWg,ok,
leap_chair_squats,Chair Squats,https://www.youtube.com/watch?v=hpuSq5vv4Gc,ok,
leap_zottman_curl,Zottman Curl,https://www.youtube.com/watch?v=d69IO-dO2pc,ok,
leap_dumbbell_concentration_curl,Dumbbell Concentration Curl,https://www.youtube.com/watch?v=a6VgtO2ZOwM,ok,
leap_kneeling_side_plank,Kneeling Side Plank,https://www.youtube.com/watch?v=ZAr0nJn8WPQ,ok,
leap_air_cycling,Air Cycling,https://www.youtube.com/watch?v=YRnePgJ7fLQ,ok,
leap_alternate_hammer_curl,Alternate Hammer Curl,https://www.youtube.com/watch?v=L1bDrPlfu1Q,ok,
leap_dumbbell_decline_floor_press,Dumbbell Decline Floor Press,https://www.youtube.com/watch?v=kBDMTp1-iTw,ok,
leap_standing_crossover_toe_touches,Standing Crossover Toe Touches,https://www.youtube.com/watch?v=OUJD4yjr3I4,ok,
leap_wood_chops,Wood Chops,https://www.youtube.com/watch?v=Ax_94gEavYo,ok,
leap_tiger_bend_push_ups,Tiger Bend Push-Ups,https://www.youtube.com/watch?v=i-nQPot8ass,ok,
leap_glute_kickback_pulse,Glute Kickback Pulse,https://www.youtube.com/watch?v=Lxdu7Nlp6KE,ok,
leap_standing_oblique_crunches,Standing Oblique Crunches,https://www.youtube.com/watch?v=wD2GY3fUJqQ,ok,
leap_glute_stretch,Glute Stretch,https://www.youtube.com/watch?v=vSKSU8KDc38,ok,
leap_side_plank_front_kick,Side Plank Front Kick,https://www.youtube.com/watch?v=rhxDpDg7XNM,ok,
leap_wall_standing_glute_kickbacks,Wall Standing Glute Kickbacks,https://www.youtube.com/watch?v=qzqDHSDTc0U,ok,
leap_side_step_jacks,Side Step Jacks,https://www.youtube.com/watch?v=p75NmUtH9so,ok,
leap_wall_glute_kickback_hold,Wall Glute Kickback Hold,https://www.youtube.com/watch?v=jWDHafNF3kQ,ok,
leap_glute_kickback_crossover_with_leg,Glute Kickback Crossover with Leg,https://www.youtube.com/watch?v=e25jpcjeyAQ,ok,
leap_side_lying_kickback,Side Lying Kickback,https://www.youtube.com/watch?v=OXC39VmkhcE,ok,
leap_fast_spider_lunges,Fast Spider Lunges,https://www.youtube.com/watch?v=M_OoFzysWak,ok,
leap_flutter_kick_squats,Flutter Kick Squats,https://www.youtube.com/watch?v=8zJh1tGtldU,ok,
leap_plank_taps,Plank Taps,https://www.youtube.com/watch?v=QGnz__47PCo,ok,
leap_standing_dumbbell_calf_raise,Standing Dumbbell Calf Raise,https://www.youtube.com/watch?v=jlDvVeOcP5M,ok,
leap_sumo_squat_leg_raises,Sumo Squat & Leg Raises,https://www.youtube.com/watch?v=by8bvR0r178,ok,
leap_one_leg_bridge,One Leg Bridge,https://www.youtube.com/watch?v=ZgvzRn-16zI,ok,
leap_trunk_rotation,Trunk Rotation,https://www.youtube.com/watch?v=YBgjuQMviCE,ok,
leap_one_leg_push_ups,One Leg Push-Ups,https://www.youtube.com/watch?v=VSgej87ULzU,ok,
leap_tip_toe_squats,Tip Toe Squats,https://www.youtube.com/watch?v=T5Xgc02T2Dw,ok,
leap_squat_thrust_with_twist,Squat Thrust with Twist,https://www.youtube.com/watch?v=OfwqSK_Ghvk,ok,
leap_lunge_twist,Lunge Twist,https://www.youtube.com/watch?v=AVC14AUS8Gg,ok,
leap_skater_jump,Skater Jump,https://www.youtube.com/watch?v=5gtLC5BgN7Q,ok,
leap_kneeling_lunge_stretch,Kneeling Lunge Stretch,https://www.youtube.com/watch?v=3wthmvKWoOU,ok,
leap_leaning_dumbbell_one_leg_calf_raise,Leaning Dumbbell One Leg Calf Raise,https://www.youtube.com/watch?v=0Fzgo2Votrc,ok,
leap_bridge,Bridge,https://www.youtube.com/watch?v=-KKADnBsPzw,ok,
leap_side_to_side_turns,Side-To-Side Turns,https://www.youtube.com/watch?v=cqCtbELMH4I,ok,
leap_plank_and_reach,Plank and Reach,https://www.youtube.com/watch?v=PqUi-H1edcE,ok,
leap_bench_glute_kick_back,Bench Glute Kick Back,https://www.youtube.com/watch?v=Mi4H6YUVMCQ,ok,
leap_squat_kicks,Squat Kicks,https://www.youtube.com/watch?v=vflAcwPOQbk,ok,
leap_single_leg_hip_rotation,Single Leg Hip Rotation,https://www.youtube.com/watch?v=v_OyHGNxTzU,ok,
leap_cross_touch_and_reach,Cross Touch and Reach,https://www.youtube.com/watch?v=tTrk6Kzo2OA,ok,
leap_pilates_clamshell,Pilates Clamshell,https://www.youtube.com/watch?v=mYMardCrLSk,ok,
leap_quick_feet,Quick Feet,https://www.youtube.com/watch?v=fz59j4a3QMQ,ok,
leap_quad_stretch,Quad Stretch,https://www.youtube.com/watch?v=WFtPk4Z-k60,ok,
leap_crab_walk,Crab Walk,https://www.youtube.com/watch?v=OI-3e5Dcm-I,ok,
leap_dumbbell_plie_squats,Dumbbell Plie Squats,https://www.youtube.com/watch?v=MpKHks_l26w,ok,
leap_star_crawl,Star Crawl,https://www.youtube.com/watch?v=M_uNXxdI018,ok,
leap_forward_bend,Forward Bend,https://www.youtube.com/watch?v=IrCe1H0OOMA,ok,
leap_torso_twist,Torso Twist,https://www.youtube.com/watch?v=HMKbmG1L7vc,ok,
leap_side_to_side_tilts,Side-To-Side Tilts,https://www.youtube.com/watch?v=0jzWXtnipPY,ok,
leap_elbows_back,Elbows Back,https://www.youtube.com/watch?v=rhtadqkrWo0,ok,
leap_jumping_push_ups,Jumping Push-Ups,https://www.youtube.com/watch?v=SdP5TSgRHPc,ok,
leap_modified_burpees,Modified Burpees,https://www.youtube.com/watch?v=8PbnMQISmZQ,ok,
leap_legs_up_the_wall,Legs Up the Wall,https://www.youtube.com/watch?v=7xg7CY17ly0,ok,
leap_dumbbell_lunges,Dumbbell Lunges,https://www.youtube.com/watch?v=yIc1YbVLMZ8,ok,
leap_dynamic_chest,Dynamic Chest,https://www.youtube.com/watch?v=kLmWN3Qsj0A,ok,
leap_ski_squat_leg_lift,Ski Squat & Leg Lift,https://www.youtube.com/watch?v=YvnjgPq3EZc,ok,
leap_push_up_with_toe_tap,Push-Up with Toe Tap,https://www.youtube.com/watch?v=YrlXZPNDo3A,ok,
leap_dumbbell_jumping_squat,Dumbbell Jumping Squat,https://www.youtube.com/watch?v=WXnXU-KgKVI,ok,
leap_standing_side_bend,Standing Side Bend,https://www.youtube.com/watch?v=RfuiraEgKcY,ok,
leap_hops_on_the_spot,Hops on the Spot,https://www.youtube.com/watch?v=ImamH6J566s,ok,
leap_up_down_nods,Up & Down Nods,https://www.youtube.com/watch?v=8QyMRoSZM8c,ok,
leap_crab_kicks,Crab Kicks,https://www.youtube.com/watch?v=4DZzw1Rc-9Y,ok,
leap_claps_over_head,Claps Over Head,https://www.youtube.com/watch?v=2i80fjp5saU,ok,
leap_lunge_knee_hops,Lunge Knee Hops,https://www.youtube.com/watch?v=NSy3QKsZ7uI,ok,
leap_butt_kicks,Butt Kicks,https://www.youtube.com/watch?v=vXVPvY1UbJI,ok,
leap_bird_dog,Bird Dog,https://www.youtube.com/watch?v=v0oCYe8__bU,ok,
leap_dumbbell_side_lateral_raise,Dumbbell Side Lateral Raise,https://www.youtube.com/watch?v=6L19uhg2otQ,ok,
leap_military_press,Military Press,https://www.youtube.com/watch?v=pNa0_QN2eUg,ok,
leap_diagonal_plank,Diagonal Plank,https://www.youtube.com/watch?v=OGfFtF-dhrk,ok,
leap_chest_press_pulse,Chest Press Pulse,https://www.youtube.com/watch?v=Fz4oo1vFo9M,ok,
leap_diamond_push_ups,Diamond Push-Ups,https://www.youtube.com/watch?v=UCmqw3kKZ38,ok,
leap_shoulder_outward_rotation,Shoulder Outward Rotation,https://www.youtube.com/watch?v=q_uOqXQhBq4,ok,
leap_triceps_stretch,Triceps Stretch,https://www.youtube.com/watch?v=L9IGOcrdcFk,ok,
leap_anterior_shoulder_stretch,Anterior Shoulder Stretch,https://www.youtube.com/watch?v=s8C3OmS82qw,ok,
leap_punches,Punches,https://www.youtube.com/watch?v=reeBHtZJ1ts,ok,
leap_standing_biceps_stretch,Standing Biceps Stretch,https://www.youtube.com/watch?v=jw8EXo5h0ec,ok,
leap_lying_dumbbell_lateral_raise,Lying Dumbbell Lateral Raise,https://www.youtube.com/watch?v=Y6CIPU0uqdY,ok,
leap_shoulder_rolls,Shoulder Rolls,https://www.youtube.com/watch?v=Uf0MKHeT67c,ok,
leap_arm_circles,Arm Circles,https://www.youtube.com/watch?v=Lha66p0ZXUc,ok,
leap_wall_push_ups,Wall Push-Ups,https://www.youtube.com/watch?v=EOf3cGIQpA4,ok,
leap_dumbbell_front_raise,Dumbbell Front Raise,https://www.youtube.com/watch?v=1GG7dkTrBEk,ok,
leap_doorway_curls,Doorway Curls,https://www.youtube.com/watch?v=134v7cB-1W8,ok,
leap_leg_barbell_curl,Leg Barbell Curl,https://www.youtube.com/watch?v=3kZS8HVFquk,ok,
leap_modified_push_up_low_hold,Modified Push-Up Low Hold,https://www.youtube.com/watch?v=fobiVgoeeZA,ok,
leap_one_arm_dumbbell_lateral_raise,One Arm Dumbbell Lateral Raise,https://www.youtube.com/watch?v=JdDf5rIP5Ss,ok,
leap_military_push_ups,Military Push Ups,https://www.youtube.com/watch?v=H8LoGZ-ZN48,ok,
leap_reverse_flys,Reverse Flys,https://www.youtube.com/watch?v=Cu57U1AqCBk,ok,
leap_alternating_hooks,Alternating Hooks,https://www.youtube.com/watch?v=wiyvVpEKOsc,ok,
leap_arm_curls_crunch,Arm Curls Crunch,https://www.youtube.com/watch?v=pxsOe8MJq68,ok,
leap_arnold_dumbbell_press,Arnold Dumbbell Press,https://www.youtube.com/watch?v=at9pnhR2cFM,ok,
leap_shoulder_gators,Shoulder Gators,https://www.youtube.com/watch?v=JWp8_LGkTR8,ok,
leap_alternating_dumbbell_shoulder_press,Alternating Dumbbell Shoulder Press,https://www.youtube.com/watch?v=2OpSgEwaguk,ok,
leap_standing_glute_kickbacks,Standing Glute Kickbacks,https://www.youtube.com/watch?v=GucHQvB4Bbk,ok,
leap_sumo_squat_calf_raises,Sumo Squat Calf Raises,https://www.youtube.com/watch?v=GD5IaDVlGhA,ok,
leap_glute_kick_back,Glute Kick Back,https://www.youtube.com/watch?v=58msQFam5Ew,ok,
leap_toy_soldiers,Toy Soldiers,https://www.youtube.com/watch?v=6NVowqZQiYQ,ok,
leap_roundhouse_squat_kicks,Roundhouse Squat Kicks,https://www.youtube.com/watch?v=GfEXIcAaEBM,ok,
leap_skipping_without_rope,Skipping Without Rope,https://www.youtube.com/watch?v=CYGeazlNbU4,ok,
leap_frog_press,Frog Press,https://www.youtube.com/watch?v=JvA7t9xKWgg,ok,
leap_plank_jacks,Plank Jacks,https://www.youtube.com/watch?v=9A7ZAXxMV0Q,ok,
leap_step_up_onto_chair,Step-Up Onto Chair,https://www.youtube.com/watch?v=XNpkt8s9r2w,ok,
leap_wide_arm_push_ups,Wide Arm Push-Ups,https://www.youtube.com/watch?v=pQUsUHvyoI0,ok,
leap_in_outs,In & Outs,https://www.youtube.com/watch?v=clsucWwp5Oc,ok,
leap_knee_to_chest_stretch,Knee to Chest Stretch,https://www.youtube.com/watch?v=bJms9YyjoBI,ok,
leap_straight_arm_plank,Straight-Arm Plank,https://www.youtube.com/watch?v=OxTE4Fu-Kmw,ok,
leap_knee_to_elbow_crunches,Knee to Elbow Crunches,https://www.youtube.com/watch?v=IqU06UsPp1k,ok,
leap_wall_calf_raises,Wall Calf Raises,https://www.youtube.com/watch?v=GQa_N7wft7M,ok,
leap_lateral_plank_walk,Lateral Plank Walk,https://www.youtube.com/watch?v=yCVyaX-RjLM,ok,
leap_leaning_stretcher_raises,Leaning Stretcher Raises,https://www.youtube.com/watch?v=qQ-StR-AXzM,ok,
leap_inchworms,Inchworms,https://www.youtube.com/watch?v=ZY2ji_Ho0dA,ok,
leap_quad_stretch_with_wall,Quad Stretch with Wall,https://www.youtube.com/watch?v=TfcRyYf7WLg,ok,
leap_sumo_squat_calf_raises_with_wall,Sumo Squat Calf Raises with Wall,https://www.youtube.com/watch?v=Hcy81KUTIZ8,ok,
leap_calf_raise_with_splayed_foot,Calf Raise with Splayed Foot,https://www.youtube.com/watch?v=wcMPalYWlpg,ok,
leap_single_leg_calf_hop,Single Leg Calf Hop,https://www.youtube.com/watch?v=oeVFHaGmVM8,ok,
leap_calf_stretch,Calf Stretch,https://www.youtube.com/watch?v=mJOGKTYUAzY,ok,
leap_straight_leg_raise,Straight Leg Raise,https://www.youtube.com/watch?v=cyGrjzTbvKs,ok,
leap_lying_butterfly_stretch,Lying Butterfly Stretch,https://www.youtube.com/watch?v=bzfY0Zr3sUE,ok,
leap_sumo_squat,Sumo Squat,https://www.youtube.com/watch?v=Z2F0bArQH5s,ok,
leap_calf_raise_with_pigeon_toed,Calf Raise with Pigeon-Toed,https://www.youtube.com/watch?v=9p_GzSpzlRk,ok,
leap_squat_pulses,Squat Pulses,https://www.youtube.com/watch?v=7HarjcM6b10,ok,
leap_wall_resisting_single_leg_calf_raise,Wall Resisting Single Leg Calf Raise,https://www.youtube.com/watch?v=795rPzSVOd4,ok,
leap_squat_reach_ups,Squat Reach Ups,https://www.youtube.com/watch?v=73Cb-y57UWg,ok,
leap_adductor_stretch_in_standing,Adductor Stretch in Standing,https://www.youtube.com/watch?v=MjFb2MyaNjs,ok,
leap_crossover_crunch,Crossover Crunch,https://www.youtube.com/watch?v=q2_KHKE5CDE,ok,
leap_plie_squats,Plie Squats,https://www.youtube.com/watch?v=XEKiRnwBfYA,ok,
leap_bottom_leg_lift,Bottom Leg Lift,https://www.youtube.com/watch?v=Dm1GSX1vItY,ok,
leap_side_lying_floor_stretch,Side-Lying Floor Stretch,https://www.youtube.com/watch?v=DMlSdmsHEeI,ok,
leap_arm_scissors,Arm Scissors,https://www.youtube.com/watch?v=pFrJQ-MyL10,ok,
leap_side_hop,Side Hop,https://www.youtube.com/watch?v=nYmUEJIBj3c,ok,
leap_floor_y_raises,Floor Y Raises,https://www.youtube.com/watch?v=lUGi7NilqWA,ok,
leap_side_lying_leg_lift,Side-Lying Leg Lift,https://www.youtube.com/watch?v=VlwBJE1WtOQ,ok,
leap_reverse_flutter_kicks,Reverse Flutter Kicks,https://www.youtube.com/watch?v=UsO66ZUvzb0,ok,
leap_prone_triceps_push_ups,Prone Triceps Push Ups,https://www.youtube.com/watch?v=lDQ1iRTezQY,ok,
leap_hover_push_up,Hover Push Up,https://www.youtube.com/watch?v=6wdVoBSkU0Y,ok,
leap_side_leg_circles,Side Leg Circles,https://www.youtube.com/watch?v=VgysBPnVJWg,ok,
leap_reclined_rhomboid_squeezes,Reclined Rhomboid Squeezes,https://www.youtube.com/watch?v=olv2Sv9DwmA,ok,
leap_triceps_kickbacks,Triceps Kickbacks,https://www.youtube.com/watch?v=f3E7eEq2c6c,ok,
leap_hip_bridge_leg_lift,Hip Bridge & Leg Lift,https://www.youtube.com/watch?v=_pDhLWYEC18,ok,
leap_backward_lunge,Backward Lunge,https://www.youtube.com/watch?v=_LGpDtENZ5U,ok,
leap_side_arm_raise,Side Arm Raise,https://www.youtube.com/watch?v=YslHgg2E-Ro,ok,
leap_supine_push_up,Supine Push Up,https://www.youtube.com/watch?v=WwbgPb9Gb48,ok,
leap_hyperextension,Hyperextension,https://www.youtube.com/watch?v=W9y8xq4Ya_E,ok,
leap_plank_leg_up,Plank Leg Up,https://www.youtube.com/watch?v=O9j5_BriCW4,ok,
leap_rhomboid_pulls,Rhomboid Pulls,https://www.youtube.com/watch?v=DEyDbzSudEU,ok,
leap_shoulder_stretch,Shoulder Stretch,https://www.youtube.com/watch?v=9k0EN2RCGgU,ok,
leap_donkey_kicks,Donkey Kicks,https://www.youtube.com/watch?v=4ranVQDqlaU,ok,
leap_bulgarian_split_squat,Bulgarian Split Squat,https://www.youtube.com/watch?v=Brh1SHAkknI,ok,
leap_fire_hydrant,Fire Hydrant,https://www.youtube.com/watch?v=7LnuhLi-78I,ok,
leap_froggy_glute_lifts,Froggy Glute Lifts,https://www.youtube.com/watch?v=wl10q6aqy-4,ok,
leap_side_lunges,Side Lunges,https://www.youtube.com/watch?v=tlUg1DXhHm8,ok,
leap_floor_tricep_dips,Floor Tricep Dips,https://www.youtube.com/watch?v=geNkbcZ6qDo,ok,
leap_wall_sit,Wall Sit,https://www.youtube.com/watch?v=Yp3ZwACK9v4,ok,
leap_spiderman_push_ups,Spiderman Push-Ups,https://www.youtube.com/watch?v=YmonBKorAIw,ok,
leap_push_up_rotation,Push-Up & Rotation,https://www.youtube.com/watch?v=Plv5CIclPtQ,ok,
leap_incline_push_ups,Incline Push-Ups,https://www.youtube.com/watch?v=3WUUeM07i_Q,ok,
leap_lunges,Lunges,https://www.youtube.com/watch?v=1J8mVmtyYpk,ok,
leap_curtsy_lunges,Curtsy Lunges,https://www.youtube.com/watch?v=-rTyKlHjYT8,ok,
leap_single_leg_calf_raises,Single Leg Calf Raises,https://www.youtube.com/watch?v=xVb3rW0a7Fw,ok,
leap_jumping_squats,Jumping Squats,https://www.youtube.com/watch?v=txLE-jOCEsc,ok,
leap_knee_push_ups,Knee Push-Ups,https://www.youtube.com/watch?v=jWxvty2KROs,ok,
leap_box_push_ups,Box Push-Ups,https://www.youtube.com/watch?v=dcJVA2sBPqw,ok,
leap_reverse_push_ups,Reverse Push-Ups,https://www.youtube.com/watch?v=XRpbVcpx-Yc,ok,
leap_split_squat,Split Squat,https://www.youtube.com/watch?v=SFSZVKzqnXA,ok,
leap_decline_push_ups,Decline Push-Ups,https://www.youtube.com/watch?v=OjPfLfLsw3c,ok,
leap_triceps_dips,Triceps Dips,https://www.youtube.com/watch?v=JhX1nBnirNw,ok,
leap_hindu_push_ups,Hindu Push-Ups,https://www.youtube.com/watch?v=HE0ijmUc6Og,ok,
leap_arm_raises,Arm Raises,https://www.youtube.com/watch?v=Bqvmyni_sKQ,ok,
leap_squats,Squats,https://www.youtube.com/watch?v=42bFodPahBU,ok,
leap_cat_cow_pose,Cat Cow Pose,https://www.youtube.com/watch?v=w_UKcI1Ftn8,ok,
leap_lying_swing_legs,Lying Swing Legs,https://www.youtube.com/watch?v=hIoFHFyZJnE,ok,
leap_crunch_kicks,Crunch Kicks,https://www.youtube.com/watch?v=z0zwPZrPpXc,ok,
leap_cobra_stretch,Cobra Stretch,https://www.youtube.com/watch?v=z21McHHOpAg,ok,
leap_dumbbell_crunches,Dumbbell Crunches,https://www.youtube.com/watch?v=wngf6BI012Y,ok,
leap_heels_to_the_heavens,Heels to the Heavens,https://www.youtube.com/watch?v=wdS2U6z0JGY,ok,
leap_alt_v_up,Alt V-Up,https://www.youtube.com/watch?v=k8_a4wFtG1I,ok,
leap_leg_raises,Leg Raises,https://www.youtube.com/watch?v=dGKbTKLnym4,ok,
leap_leg_in_outs,Leg in & Outs,https://www.youtube.com/watch?v=V1wZc9RwPW8,ok,
leap_reverse_crunches,Reverse Crunches,https://www.youtube.com/watch?v=UwRfRN5fYRg,ok,
leap_cross_knee_plank,Cross Knee Plank,https://www.youtube.com/watch?v=O4fFIYpYySU,ok,
leap_dumbbell_torture_tucks,Dumbbell Torture Tucks,https://www.youtube.com/watch?v=K0Sonq8jz3M,ok,
leap_seated_abs_circles,Seated Abs Circles,https://www.youtube.com/watch?v=GflQ_ymx9Nw,ok,
leap_butt_bridge,Butt Bridge,https://www.youtube.com/watch?v=9qo48CYN06w,ok,
leap_dumbbell_side_bend,Dumbbell Side Bend,https://www.youtube.com/watch?v=E1amGLJEqpU,ok,
leap_side_crunches,Side Crunches,https://www.youtube.com/watch?v=w0OWFjfI3zM,ok,
leap_crunches_with_legs_raised,Crunches with Legs Raised,https://www.youtube.com/watch?v=ulSBgyB8evM,ok,
leap_t_plank,T Plank,https://www.youtube.com/watch?v=rTY5mqJ1HNo,ok,
leap_cobras,Cobras,https://www.youtube.com/watch?v=q46qN4ypiFo,ok,
leap_dumbbell_toe_touch_crunch,Dumbbell Toe-Touch Crunch,https://www.youtube.com/watch?v=maPIOGXENjs,ok,
leap_dumbbell_up_n_overs,Dumbbell Up-N-Overs,https://www.youtube.com/watch?v=mDq3uINkKm0,ok,
leap_oblique_v_ups,Oblique V-Ups,https://www.youtube.com/watch?v=iFaZ095MMGg,ok,
leap_x_man_crunch,X Man Crunch,https://www.youtube.com/watch?v=f_ZsJgaqFNE,ok,
leap_one_down_two_ups,One Down Two Ups,https://www.youtube.com/watch?v=f9c28wuQyQM,ok,
leap_reverse_crunches_with_leg_raised,Reverse Crunches with Leg Raised,https://www.youtube.com/watch?v=dV8ll1vnle0,ok,
leap_sit_up_twist,Sit-Up Twist,https://www.youtube.com/watch?v=_xzyH6NP_9k,ok,
leap_lying_twist_stretch,Lying Twist Stretch,https://www.youtube.com/watch?v=ZI-j_POtzlU,ok,
leap_dumbbell_bicycle_passes,Dumbbell Bicycle Passes,https://www.youtube.com/watch?v=WfL6YEINfV8,ok,
leap_v_hold,V-Hold,https://www.youtube.com/watch?v=WGwI629aTAY,ok,
leap_dumbbell_paddle_boats,Dumbbell Paddle Boats,https://www.youtube.com/watch?v=PZLb4_ymTwA,ok,
leap_90_90_crunch,90/90 Crunch,https://www.youtube.com/watch?v=KojXAk4lXkE,ok,
leap_superman,Superman,https://www.youtube.com/watch?v=pGeaBXLwDtw,ok,
leap_abdominal_crunches,Abdominal Crunches,https://www.youtube.com/watch?v=RUNrHkbP4Pc,ok,
leap_clapping_crunches,Clapping Crunches,https://www.youtube.com/watch?v=LUQt2wSOFNM,ok,
leap_child_pose,Child Pose,https://www.youtube.com/watch?v=DMwRPGMPB10,ok,
leap_sit_ups,Sit-Ups,https://www.youtube.com/watch?v=swOyWKk7Oko,ok,
leap_side_leg_raise,Side Leg Raise,https://www.youtube.com/watch?v=Z_0p0I8B4EU,ok,
leap_swimmer_and_superman,Swimmer and Superman,https://www.youtube.com/watch?v=XydDDn_Rngw,ok,
leap_cross_arm_crunches,Cross Arm Crunches,https://www.youtube.com/watch?v=Qz3ylqqJ90M,ok,
leap_long_arm_crunches,Long Arm Crunches,https://www.youtube.com/watch?v=GxKoSEkmRC8,ok,
leap_plank,Plank,https://www.youtube.com/watch?v=Fcbw82ykBvY,ok,
leap_russian_twist,Russian Twist,https://www.youtube.com/watch?v=DJQGX2J4IVw,ok,
leap_high_stepping,High Stepping,https://www.youtube.com/watch?v=Cmxr9xcNhgU,ok,
leap_v_crunch,V Crunch,https://www.youtube.com/watch?v=AkHgaJiwtFE,ok,
leap_heel_touch,Heel Touch,https://www.youtube.com/watch?v=9bR-elyolBQ,ok,
leap_standing_bicycle_crunches,Standing Bicycle Crunches,https://www.youtube.com/watch?v=8lsAXzvVHrc,ok,
leap_bent_leg_twist,Bent Leg Twist,https://www.youtube.com/watch?v=chWR8vsuamo,ok,
leap_dead_bug,Dead Bug,https://www.youtube.com/watch?v=bXMQkRowNk8,ok,
leap_dumbbell_russian_twist,Dumbbell Russian Twist,https://www.youtube.com/watch?v=FShbaqrGGu4,ok,
leap_reclined_oblique_twist,Reclined Oblique Twist,https://www.youtube.com/watch?v=XKW5jru5pGo,ok,
leap_dumbbell_crunch_and_punches,Dumbbell Crunch and Punches,https://www.youtube.com/watch?v=j19klieazl0,ok,
leap_side_bridges,Side Bridges,https://www.youtube.com/watch?v=7ytbYd4CK3o,ok,
leap_v_up,V-Up,https://www.youtube.com/watch?v=5kvKmRGADlQ,ok,
leap_alternating_knee_to_chest_stretch,Alternating Knee to Chest Stretch,https://www.youtube.com/watch?v=2maQ6fj_BzU,ok,
leap_open_chain_knee_extension_left,Open Chain Knee Extension Left,https://www.youtube.com/watch?v=MpjeKMdiX08,ok,
leap_oblique_v_up,Oblique V-Up,https://www.youtube.com/watch?v=dZGajX67rdQ,ok,
leap_clockwise_arm_swings,Clockwise Arm Swings,https://www.youtube.com/watch?v=5QVIPA8rp7w,ok,
leap_backward_lunge_with_front,Backward Lunge with Front,https://www.youtube.com/watch?v=6Y95oA0RpgU,ok,
leap_seated_in_and_out,Seated in and Out,https://www.youtube.com/watch?v=RNUs5NEeEiA,ok,
leap_abdominal_crunch,Abdominal Crunch,https://www.youtube.com/watch?v=obc8bQWANvM,ok,
leap_alternating_bird_dog,Alternating Bird Dog,https://www.youtube.com/watch?v=AWl8aFYAQuw,ok,
